id;cus_name;product_name;phone_number;address;des;status;appointment_date
1;Bedfordshire facilitate;compress;contextually-based;Junction;Practical Metal Cheese cutting-edge;Euro Fantastic Home Loan Account;2021-01-26T01:16:08
2;time-frame;attitude;enhance;FTP bandwidth-monitored Associate;Principal connecting payment;Cordoba Oro;2021-01-26T17:23:23
3;RAM Tools Bedfordshire;Spring secondary South Georgia and the South Sandwich Islands;monetize;Public-key Wooden Intelligent;background neutral deposit;synthesize initiative;2021-01-26T09:47:49
4;Kids bypass;demand-driven;Hat;Planner Checking Account;invoice;generating Stream Generic;2021-01-26T02:58:52
5;program Liaison Facilitator;client-driven Assurance Yemen;content-based bi-directional;Camp back up;structure HTTP hack;Global application Pitcairn Islands;2021-01-26T00:15:45
6;Tactics;Factors open-source;Lodge;action-items quantifying;Practical olive Producer;Ergonomic Steel Shoes;2021-01-26T10:50:52
7;orchid web-enabled Operations;payment Cuba;web services composite;Sweden Movies;compress alarm neural;Garden Rubber France;2021-01-26T15:47:20
8;withdrawal Identity;bandwidth Chile;TCP deposit;software Awesome;Computer;primary synthesize;2021-01-26T01:55:59
9;real-time Generic Granite Mouse;Fish;Barbados Dollar;enterprise middleware;even-keeled proactive Chief;Credit Card Account Business-focused Infrastructure;2021-01-26T08:29:07
10;Accounts Shoes primary;Response Electronics;SDD;fuchsia infomediaries;bandwidth;Bedfordshire override;2021-01-26T05:52:43
