id;repair_service_id;code;name;content;create_user;create_date
1;38685;Fantastic Rubber Bike Credit Card Account;invoice Small Plastic Computer overriding;Gorgeous Shirt;engineer bottom-line;2021-02-22T20:23:13
2;41560;Down-sized Handmade Concrete Tuna;1080p Maldives Small Cotton Fish;Credit Card Account Corner;RSS Germany;2021-02-22T07:16:27
3;80689;Steel;Toys Buckinghamshire Micronesia;Chief uniform payment;Grocery Unbranded;2021-02-22T20:04:39
4;84335;fuchsia;Chips system;e-services;Drive Ball Pants;2021-02-22T05:05:34
5;30050;real-time drive web services;online Rustic;FTP Tools Pizza;Intelligent 1080p;2021-02-22T12:04:02
6;53507;architecture Massachusetts index;Saint Martin Coordinator Licensed Concrete Towels;navigate next generation;Mouse Avon;2021-02-22T04:19:31
7;2740;teal;Ways;Grass-roots;ADP;2021-02-22T11:09:32
8;45061;cross-platform deliver;Clothing cyan;Total Concrete;Credit Card Account Intuitive Forward;2021-02-22T13:01:04
9;12399;architectures;Concrete transition copying;Computer;Tuna Generic Inverse;2021-02-22T06:34:25
10;91806;sensor;AGP Buckinghamshire;feed;SAS Applications Cheese;2021-02-22T21:47:06
